股票代號,股票名稱,ISIN,上市日期,市場別,產業別,CFIcode,備註
1101,台泥,TW0001101004,1962/02/09,上市,水泥工業,ESVUFR,
1102,亞泥,TW0001102002,1962/06/08,上市,水泥工業,ESVUFR,
1103,嘉泥,TW0001103000,1969/11/14,上市,水泥工業,ESVUFR,
1104,環泥,TW0001104008,1971/02/01,上市,水泥工業,ESVUFR,
1108,幸福,TW0001108009,1990/06/06,上市,水泥工業,ESVUFR,
1109,信大,TW0001109007,1991/12/05,上市,水泥工業,ESVUFR,
1110,東泥,TW0001110005,1994/10/22,上市,水泥工業,ESVUFR,
1201,味全,TW0001201002,1962/02/09,上市,食品工業,ESVUFR,
1203,味王,TW0001203008,1964/08/24,上市,食品工業,ESVUFR,
1210,大成,TW0001210003,1978/05/20,上市,食品工業,ESVUFR,
1213,大飲,TW0001213007,1981/04/10,上市,食品工業,ESVUFR,
1215,卜蜂,TW0001215002,1987/07/27,上市,食品工業,ESVUFR,
1216,統一,TW0001216000,1987/12/28,上市,食品工業,ESVUFR,
1217,愛之味,TW0001217008,1989/10/28,上市,食品工業,ESVUFR,
1218,泰山,TW0001218006,1989/11/11,上市,食品工業,ESVUFR,
1219,福壽,TW0001219004,1990/12/01,上市,食品工業,ESVUFR,
1220,台榮,TW0001220002,1991/11/20,上市,食品工業,ESVUFR,
1225,福懋油,TW0001225001,1993/09/27,上市,食品工業,ESVUFR,
1227,佳格,TW0001227007,1994/04/09,上市,食品工業,ESVUFR,
1229,聯華,TW0001229003,1976/07/19,上市,食品工業,ESVUFR,
1231,聯華食,TW0001231009,1995/11/02,上市,食品工業,ESVUFR,
1232,大統益,TW0001232007,1996/02/09,上市,食品工業,ESVUFR,
1233,天仁,TW0001233005,1999/01/20,上市,食品工業,ESVUFR,
1234,黑松,TW0001234003,1999/03/12,上市,食品工業,ESVUFR,
1235,興泰,TW0001235000,2000/09/11,上市,食品工業,ESVUFR,
1236,宏亞,TW0001236008,2001/09/17,上市,食品工業,ESVUFR,
1262,F-綠悅,KYG409711069,2014/01/16,上市,其他業,ESVUFR,
1301,台塑,TW0001301000,1964/07/27,上市,塑膠工業,ESVUFR,
1303,南亞,TW0001303006,1967/11/05,上市,塑膠工業,ESVUFR,
1304,台聚,TW0001304004,1972/05/20,上市,塑膠工業,ESVUFR,
1305,華夏,TW0001305001,1973/03/05,上市,塑膠工業,ESVUFR,
1307,三芳,TW0001307007,1985/11/23,上市,塑膠工業,ESVUFR,
1308,亞聚,TW0001308005,1986/06/20,上市,塑膠工業,ESVUFR,
1309,台達化,TW0001309003,1986/06/27,上市,塑膠工業,ESVUFR,
1310,台苯,TW0001310001,1987/08/06,上市,塑膠工業,ESVUFR,
1312,國喬,TW0001312007,1988/12/21,上市,塑膠工業,ESVUFR,
1313,聯成,TW0001313005,1989/03/27,上市,塑膠工業,ESVUFR,
1314,中石化,TW0001314003,1991/07/12,上市,塑膠工業,ESVUFR,
1315,達新,TW0001315000,1992/05/09,上市,塑膠工業,ESVUFR,
1316,上曜,TW0001316008,1992/10/15,上市,化學工業,ESVUFR,
1319,東陽,TW0001319002,1994/12/12,上市,塑膠工業,ESVUFR,
1321,大洋,TW0001321008,1999/01/26,上市,塑膠工業,ESVUFR,
1323,永裕,TW0001323004,2000/09/11,上市,塑膠工業,ESVUFR,
1324,地球,TW0001324002,2000/09/11,上市,塑膠工業,ESVUFR,
1325,恆大,TW0001325009,2000/09/11,上市,塑膠工業,ESVUFR,
1326,台化,TW0001326007,1984/12/20,上市,塑膠工業,ESVUFR,
1337,F-再生,KYG0539R1039,2011/07/01,上市,塑膠工業,ESVUFR,
1338,F-廣華,KYG451001070,2012/12/19,上市,汽車工業,ESVUFR,
1339,昭輝,TW0001339000,2012/04/24,上市,塑膠工業,ESVUFR,
1340,F-勝悅,KYG935971054,2013/12/06,上市,塑膠工業,ESVUFR,
1402,遠東新,TW0001402006,1967/04/14,上市,紡織纖維,ESVUFR,
1409,新纖,TW0001409001,1973/08/31,上市,紡織纖維,ESVUFR,
1410,南染,TW0001410009,1973/10/18,上市,紡織纖維,ESVUFR,
1413,宏洲,TW0001413003,1975/12/23,上市,紡織纖維,ESVUFR,
1414,東和,TW0001414001,1976/02/02,上市,紡織纖維,ESVUFR,
1416,廣豐,TW0001416006,1976/04/20,上市,紡織纖維,ESVUFR,
1417,嘉裕,TW0001417004,1976/12/28,上市,紡織纖維,ESVUFR,
1418,東華,TW0001418002,1977/02/14,上市,紡織纖維,ESVUFR,
1419,新紡,TW0001419000,1977/03/14,上市,紡織纖維,ESVUFR,
1423,利華,TW0001423002,1979/04/02,上市,紡織纖維,ESVUFR,
1432,大魯閣,TW0001432003,1982/07/26,上市,紡織纖維,ESVUFR,
1434,福懋,TW0001434009,1985/12/24,上市,紡織纖維,ESVUFR,
1435,中福,TW0001435006,1987/12/28,上市,其他業,ESVUFR,
1436,華友聯,TW0001436004,1988/04/11,上市,建材營造業,ESVUFR,
1437,勤益控,TW0001437002,1988/11/10,上市,半導體業,ESVUFR,
1438,裕豐,TW0001438000,1988/12/15,上市,建材營造業,ESVUFR,
1439,中和,TW0001439008,1989/05/22,上市,紡織纖維,ESVUFR,
1440,南紡,TW0001440006,1989/10/03,上市,紡織纖維,ESVUFR,
1441,大東,TW0001441004,1989/10/27,上市,紡織纖維,ESVUFR,
1442,名軒,TW0001442002,1989/11/16,上市,建材營造業,ESVUFR,
1443,立益,TW0001443000,1990/04/21,上市,紡織纖維,ESVUFR,
1444,力麗,TW0001444008,1990/08/08,上市,紡織纖維,ESVUFR,
1445,大宇,TW0001445005,1991/02/05,上市,紡織纖維,ESVUFR,
1446,宏和,TW0001446003,1991/10/15,上市,紡織纖維,ESVUFR,
1447,力鵬,TW0001447001,1992/01/28,上市,紡織纖維,ESVUFR,
1449,佳和,TW0001449007,1992/03/12,上市,紡織纖維,ESVUFR,
1451,年興,TW0001451003,1992/12/21,上市,紡織纖維,ESVUFR,
1452,宏益,TW0001452001,1992/12/28,上市,紡織纖維,ESVUFR,
1453,大將,TW0001453009,1993/04/19,上市,紡織纖維,ESVUFR,
1454,台富,TW0001454007,1993/05/07,上市,紡織纖維,ESVUFR,
1455,集盛,TW0001455004,1993/10/07,上市,紡織纖維,ESVUFR,
1456,怡華,TW0001456002,1993/12/09,上市,紡織纖維,ESVUFR,
1457,宜進,TW0001457000,1994/10/20,上市,紡織纖維,ESVUFR,
1459,聯發,TW0001459006,1994/10/26,上市,紡織纖維,ESVUFR,
1460,宏遠,TW0001460004,1995/04/28,上市,紡織纖維,ESVUFR,
1463,強盛,TW0001463008,1996/12/05,上市,紡織纖維,ESVUFR,
1464,得力,TW0001464006,1997/01/18,上市,紡織纖維,ESVUFR,
1465,偉全,TW0001465003,1997/09/08,上市,紡織纖維,ESVUFR,
1466,聚隆,TW0001466001,1998/04/04,上市,紡織纖維,ESVUFR,
1467,南緯,TW0001467009,1998/12/21,上市,紡織纖維,ESVUFR,
1468,昶和,TW0001468007,1999/01/21,上市,紡織纖維,ESVUFR,
1469,理隆,TW0001469005,1999/02/05,上市,紡織纖維,ESVUFR,
1470,大統染,TW0001470003,1999/05/21,上市,紡織纖維,ESVUFR,
1471,首利,TW0001471001,2000/03/06,上市,電子零組件業,ESVUFR,
1472,三洋紡,TW0001472009,2000/09/11,上市,紡織纖維,ESVUFR,
1473,台南,TW0001473007,2000/09/11,上市,紡織纖維,ESVUFR,
1474,弘裕,TW0001474005,2000/10/31,上市,紡織纖維,ESVUFR,
1475,本盟,TW0001475002,2000/10/27,上市,紡織纖維,ESVUFR,
1476,儒鴻,TW0001476000,2001/04/18,上市,紡織纖維,ESVUFR,
1477,聚陽,TW0001477008,2003/01/21,上市,紡織纖維,ESVUFR,
1503,士電,TW0001503001,1969/12/15,上市,電機機械,ESVUFR,
1504,東元,TW0001504009,1973/11/05,上市,電機機械,ESVUFR,
1506,正道,TW0001506004,1980/08/11,上市,電機機械,ESVUFR,
1507,永大,TW0001507002,1989/11/09,上市,電機機械,ESVUFR,
1512,瑞利,TW0001512002,1994/01/28,上市,電機機械,ESVUFR,
1513,中興電,TW0001513000,1994/03/08,上市,電機機械,ESVUFR,
1514,亞力,TW0001514008,1994/03/26,上市,電機機械,ESVUFR,
1515,力山,TW0001515005,1995/02/04,上市,電機機械,ESVUFR,
1516,川飛,TW0001516003,1995/04/01,上市,其他業,ESVUFR,
1517,利奇,TW0001517001,1995/11/14,上市,電機機械,ESVUFR,
1519,華城,TW0001519007,1997/04/16,上市,電機機械,ESVUFR,
1521,大億,TW0001521003,1997/10/06,上市,電機機械,ESVUFR,
1522,堤維西,TW0001522001,1997/10/06,上市,電機機械,ESVUFR,
1524,耿鼎,TW0001524007,1998/10/30,上市,電機機械,ESVUFR,
1525,江申,TW0001525004,1999/05/15,上市,電機機械,ESVUFR,
1526,日馳,TW0001526002,2000/03/27,上市,電機機械,ESVUFR,
1527,鑽全,TW0001527000,2000/06/21,上市,電機機械,ESVUFR,
1528,恩德,TW0001528008,2000/09/11,上市,電機機械,ESVUFR,
1529,樂士,TW0001529006,2000/09/11,上市,電機機械,ESVUFR,
1530,亞崴,TW0001530004,2000/09/11,上市,電機機械,ESVUFR,
1531,高林股,TW0001531002,2000/09/11,上市,電機機械,ESVUFR,
1532,勤美,TW0001532000,2000/09/11,上市,鋼鐵工業,ESVUFR,
1533,車王電,TW0001533008,2001/04/06,上市,電機機械,ESVUFR,
1535,中宇,TW0001535003,2001/09/17,上市,電機機械,ESVUFR,
1536,和大,TW0001536001,2001/09/17,上市,電機機械,ESVUFR,
1537,廣隆,TW0001537009,2002/01/22,上市,電機機械,ESVUFR,
1538,正峰新,TW0001538007,2002/08/26,上市,電機機械,ESVUFR,
1539,巨庭,TW0001539005,2002/10/29,上市,電機機械,ESVUFR,
1540,喬福,TW0001540003,2002/08/26,上市,電機機械,ESVUFR,
1541,錩泰,TW0001541001,2003/03/19,上市,電機機械,ESVUFR,
1558,伸興,TW0001558005,2014/12/23,上市,電機機械,ESVUFR,
1560,中砂,TW0001560001,2005/01/31,上市,電機機械,ESVUFR,
1568,倉佑,TW0001568004,2014/05/14,上市,電機機械,ESVUFR,
1582,信錦,TW0001582005,2009/12/17,上市,電子零組件業,ESVUFR,
1583,程泰,TW0001583003,2008/01/24,上市,電機機械,ESVUFR,
1589,F-永冠,KYG984291065,2012/04/27,上市,電機機械,ESVUFR,
1590,F-亞德,KYG014081064,2010/12/13,上市,電機機械,ESVUFR,
1592,F-英瑞,KYG316231045,2014/10/16,上市,電機機械,ESVUFR,
1603,華電,TW0001603009,1968/06/03,上市,電器電纜,ESVUFR,
1604,聲寶,TW0001604007,1970/12/14,上市,電器電纜,ESVUFR,
1605,華新,TW0001605004,1972/11/03,上市,電器電纜,ESVUFR,
1608,華榮,TW0001608008,1988/07/11,上市,電器電纜,ESVUFR,
1609,大亞,TW0001609006,1988/12/12,上市,電器電纜,ESVUFR,
1611,中電,TW0001611002,1990/01/16,上市,電器電纜,ESVUFR,
1612,宏泰,TW0001612000,1993/05/08,上市,電器電纜,ESVUFR,
1613,台一,TW0001613008,1995/10/20,上市,電器電纜,ESVUFR,
1614,三洋電,TW0001614006,1997/09/18,上市,電器電纜,ESVUFR,
1615,大山,TW0001615003,2000/03/30,上市,電器電纜,ESVUFR,
1616,億泰,TW0001616001,2000/09/11,上市,電器電纜,ESVUFR,
1617,榮星,TW0001617009,2000/09/11,上市,電器電纜,ESVUFR,
1618,合機,TW0001618007,2000/09/11,上市,電器電纜,ESVUFR,
1626,F-艾美,KYG0135T1076,2013/03/21,上市,電器電纜,ESVUFR,
1701,中化,TW0001701001,1962/02/09,上市,生技醫療業,ESVUFR,
1702,南僑,TW0001702009,1973/05/30,上市,食品工業,ESVUFR,
1704,榮化,TW0001704005,1977/12/17,上市,化學工業,ESVUFR,
1707,葡萄王,TW0001707008,1982/12/20,上市,生技醫療業,ESVUFR,
1708,東鹼,TW0001708006,1986/06/16,上市,化學工業,ESVUFR,
1709,和益,TW0001709004,1986/07/03,上市,化學工業,ESVUFR,
1710,東聯,TW0001710002,1987/10/21,上市,化學工業,ESVUFR,
1711,永光,TW0001711000,1988/12/27,上市,化學工業,ESVUFR,
1712,興農,TW0001712008,1989/12/14,上市,化學工業,ESVUFR,
1713,國化,TW0001713006,1990/01/31,上市,化學工業,ESVUFR,
1714,和桐,TW0001714004,1991/08/30,上市,化學工業,ESVUFR,
1715,萬洲,TW0001715001,1992/12/28,上市,塑膠工業,ESVUFR,
1717,長興,TW0001717007,1994/03/31,上市,化學工業,ESVUFR,
1718,中纖,TW0001718005,1963/12/02,上市,化學工業,ESVUFR,
1720,生達,TW0001720001,1995/12/12,上市,生技醫療業,ESVUFR,
1721,三晃,TW0001721009,1996/05/16,上市,化學工業,ESVUFR,
1722,台肥,TW0001722007,1998/03/24,上市,化學工業,ESVUFR,
1723,中碳,TW0001723005,1998/11/27,上市,化學工業,ESVUFR,
1724,台硝,TW0001724003,1995/03/30,上市,化學工業,ESVUFR,
1725,元禎,TW0001725000,2000/09/11,上市,化學工業,ESVUFR,
1726,永記,TW0001726008,2000/09/11,上市,化學工業,ESVUFR,
1727,中華化,TW0001727006,2000/09/11,上市,化學工業,ESVUFR,
1729,必翔,TW0001729002,2001/03/21,上市,生技醫療業,ESVUFR,
1730,花仙子,TW0001730000,2001/09/17,上市,化學工業,ESVUFR,
1731,美吾華,TW0001731008,2001/09/17,上市,生技醫療業,ESVUFR,
1732,毛寶,TW0001732006,2001/09/17,上市,化學工業,ESVUFR,
1733,五鼎,TW0001733004,2001/09/17,上市,生技醫療業,ESVUFR,
1734,杏輝,TW0001734002,2002/08/26,上市,生技醫療業,ESVUFR,
1735,日勝化,TW0001735009,2002/08/26,上市,化學工業,ESVUFR,
1736,喬山,TW0001736007,2003/01/09,上市,生技醫療業,ESVUFR,
1737,臺鹽,TW0001737005,2003/11/18,上市,食品工業,ESVUFR,
1762,中化生,TW0001762003,2010/12/20,上市,生技醫療業,ESVUFR,
1773,勝一,TW0001773000,2009/02/27,上市,化學工業,ESVUFR,
1783,和康生,TW0001783009,2013/12/20,上市,生技醫療業,ESVUFR,
1786,科妍,TW0001786002,2013/11/12,上市,生技醫療業,ESVUFR,
1789,神隆,TW0001789006,2011/09/29,上市,生技醫療業,ESVUFR,
1802,台玻,TW0001802007,1973/07/20,上市,玻璃陶瓷,ESVUFR,
1805,寶徠,TW0001805000,1989/10/20,上市,建材營造業,ESVUFR,
1806,冠軍,TW0001806008,1992/09/29,上市,玻璃陶瓷,ESVUFR,
1808,潤隆,TW0001808004,1994/10/26,上市,建材營造業,ESVUFR,
1809,中釉,TW0001809002,1996/04/30,上市,玻璃陶瓷,ESVUFR,
1810,和成,TW0001810000,1991/10/14,上市,玻璃陶瓷,ESVUFR,
1817,凱撒衛,TW0001817005,2013/10/24,上市,玻璃陶瓷,ESVUFR,
1902,台紙,TW0001902005,1962/02/09,上市,造紙工業,ESVUFR,
1903,士紙,TW0001903003,1963/12/09,上市,造紙工業,ESVUFR,
1904,正隆,TW0001904001,1971/09/10,上市,造紙工業,ESVUFR,
1905,華紙,TW0001905008,1975/02/07,上市,造紙工業,ESVUFR,
1906,寶隆,TW0001906006,1976/04/26,上市,造紙工業,ESVUFR,
1907,永豐餘,TW0001907004,1977/02/22,上市,造紙工業,ESVUFR,
1909,榮成,TW0001909000,1985/11/19,上市,造紙工業,ESVUFR,
2002,中鋼,TW0002002003,1974/12/26,上市,鋼鐵工業,ESVUFR,
2006,東鋼,TW0002006004,1988/07/13,上市,鋼鐵工業,ESVUFR,
2007,燁興,TW0002007002,1988/10/04,上市,鋼鐵工業,ESVUFR,
2008,高興昌,TW0002008000,1988/12/28,上市,鋼鐵工業,ESVUFR,
2009,第一銅,TW0002009008,1989/10/20,上市,鋼鐵工業,ESVUFR,
2010,春源,TW0002010006,1989/12/22,上市,鋼鐵工業,ESVUFR,
2012,春雨,TW0002012002,1991/10/17,上市,鋼鐵工業,ESVUFR,
2013,中鋼構,TW0002013000,1992/01/21,上市,鋼鐵工業,ESVUFR,
2014,中鴻,TW0002014008,1992/02/20,上市,鋼鐵工業,ESVUFR,
2015,豐興,TW0002015005,1992/05/25,上市,鋼鐵工業,ESVUFR,
2017,官田鋼,TW0002017001,1992/11/02,上市,鋼鐵工業,ESVUFR,
2020,美亞,TW0002020005,1993/04/27,上市,鋼鐵工業,ESVUFR,
2022,聚亨,TW0002022001,1995/03/27,上市,鋼鐵工業,ESVUFR,
2023,燁輝,TW0002023009,1995/07/28,上市,鋼鐵工業,ESVUFR,
2024,志聯,TW0002024007,1995/12/30,上市,鋼鐵工業,ESVUFR,
2025,千興,TW0002025004,1996/02/08,上市,鋼鐵工業,ESVUFR,
2027,大成鋼,TW0002027000,1996/10/24,上市,鋼鐵工業,ESVUFR,
2028,威致,TW0002028008,1996/12/13,上市,鋼鐵工業,ESVUFR,
2029,盛餘,TW0002029006,1997/01/11,上市,鋼鐵工業,ESVUFR,
2030,彰源,TW0002030004,1998/12/24,上市,鋼鐵工業,ESVUFR,
2031,新光鋼,TW0002031002,2000/09/11,上市,鋼鐵工業,ESVUFR,
2032,新鋼,TW0002032000,2000/09/11,上市,鋼鐵工業,ESVUFR,
2033,佳大,TW0002033008,2000/09/11,上市,鋼鐵工業,ESVUFR,
2034,允強,TW0002034006,2001/09/17,上市,鋼鐵工業,ESVUFR,
2038,海光,TW0002038007,2008/12/30,上市,鋼鐵工業,ESVUFR,
2049,上銀,TW0002049004,2009/06/26,上市,電機機械,ESVUFR,
2059,川湖,TW0002059003,2008/06/25,上市,電子零組件業,ESVUFR,
2062,橋椿,TW0002062007,2007/11/16,上市,其他業,ESVUFR,
2101,南港,TW0002101003,1963/11/01,上市,橡膠工業,ESVUFR,
2102,泰豐,TW0002102001,1979/07/16,上市,橡膠工業,ESVUFR,
2103,台橡,TW0002103009,1982/09/25,上市,橡膠工業,ESVUFR,
2104,中橡,TW0002104007,1986/07/15,上市,橡膠工業,ESVUFR,
2105,正新,TW0002105004,1987/12/07,上市,橡膠工業,ESVUFR,
2106,建大,TW0002106002,1990/12/20,上市,橡膠工業,ESVUFR,
2107,厚生,TW0002107000,1992/03/03,上市,橡膠工業,ESVUFR,
2108,南帝,TW0002108008,1992/10/27,上市,橡膠工業,ESVUFR,
2109,華豐,TW0002109006,2000/05/08,上市,橡膠工業,ESVUFR,
2114,鑫永銓,TW0002114006,2010/12/29,上市,橡膠工業,ESVUFR,
2115,F-六暉,KYG5700L1086,2013/12/25,上市,橡膠工業,ESVUFR,
2201,裕隆,TW0002201001,1976/07/08,上市,汽車工業,ESVUFR,
2204,中華,TW0002204005,1991/03/12,上市,汽車工業,ESVUFR,
2206,三陽,TW0002206000,1996/07/29,上市,汽車工業,ESVUFR,
2207,和泰車,TW0002207008,1997/02/25,上市,汽車工業,ESVUFR,
2208,台船,TW0002208006,2008/12/22,上市,航運業,ESVUFR,
2227,裕日車,TW0002227006,2004/12/21,上市,汽車工業,ESVUFR,
2228,劍麟,TW0002228004,2013/11/25,上市,電機機械,ESVUFR,
2231,為升,TW0002231008,2010/11/19,上市,電機機械,ESVUFR,
2236,F-百達,KYG693691092,2015/06/03,上市,電機機械,ESVUFR,
2239,F-英利,KYG1991F1081,2016/01/27,上市,汽車工業,ESVUFR,
2301,光寶科,TW0002301009,1995/11/17,上市,電腦及週邊設備業,ESVUFR,
2302,麗正,TW0002302007,1985/01/15,上市,半導體業,ESVUFR,
2303,聯電,TW0002303005,1985/07/16,上市,半導體業,ESVUFR,
2305,全友,TW0002305000,1988/10/21,上市,電腦及週邊設備業,ESVUFR,
2308,台達電,TW0002308004,1988/12/19,上市,電子零組件業,ESVUFR,
2311,日月光,TW0002311008,1989/07/19,上市,半導體業,ESVUFR,
2312,金寶,TW0002312006,1989/11/07,上市,其他電子業,ESVUFR,
2313,華通,TW0002313004,1990/07/24,上市,電子零組件業,ESVUFR,
2314,台揚,TW0002314002,1990/08/08,上市,通信網路業,ESVUFR,
2316,楠梓電,TW0002316007,1991/02/05,上市,電子零組件業,ESVUFR,
2317,鴻海,TW0002317005,1991/06/18,上市,其他電子業,ESVUFR,
2321,東訊,TW0002321007,1991/11/08,上市,通信網路業,ESVUFR,
2323,中環,TW0002323003,1992/02/17,上市,光電業,ESVUFR,
2324,仁寶,TW0002324001,1992/02/18,上市,電腦及週邊設備業,ESVUFR,
2325,矽品,TW0002325008,1993/04/07,上市,半導體業,ESVUFR,
2327,國巨,TW0002327004,1993/10/22,上市,電子零組件業,ESVUFR,
2328,廣宇,TW0002328002,1993/11/09,上市,電子零組件業,ESVUFR,
2329,華泰,TW0002329000,1994/04/20,上市,半導體業,ESVUFR,
2330,台積電,TW0002330008,1994/09/05,上市,半導體業,ESVUFR,
2331,精英,TW0002331006,1994/09/21,上市,電腦及週邊設備業,ESVUFR,
2332,友訊,TW0002332004,1994/10/17,上市,通信網路業,ESVUFR,
2337,旺宏,TW0002337003,1995/03/15,上市,半導體業,ESVUFR,
2338,光罩,TW0002338001,1995/04/17,上市,半導體業,ESVUFR,
2340,光磊,TW0002340007,1995/05/02,上市,光電業,ESVUFR,
2342,茂矽,TW0002342003,1995/09/19,上市,半導體業,ESVUFR,
2344,華邦電,TW0002344009,1995/10/18,上市,半導體業,ESVUFR,
2345,智邦,TW0002345006,1995/11/15,上市,通信網路業,ESVUFR,
2347,聯強,TW0002347002,1995/12/13,上市,電子通路業,ESVUFR,
2348,海悅,TW0002348000,1996/01/05,上市,其他業,ESVUFR,
2349,錸德,TW0002349008,1996/04/23,上市,光電業,ESVUFR,
2351,順德,TW0002351004,1996/04/25,上市,半導體業,ESVUFR,
2352,佳世達,TW0002352002,1996/07/22,上市,電腦及週邊設備業,ESVUFR,
2353,宏碁,TW0002353000,1996/09/18,上市,電腦及週邊設備業,ESVUFR,
2354,鴻準,TW0002354008,1996/10/08,上市,其他電子業,ESVUFR,
2355,敬鵬,TW0002355005,1996/10/14,上市,電子零組件業,ESVUFR,
2356,英業達,TW0002356003,1996/11/13,上市,電腦及週邊設備業,ESVUFR,
2357,華碩,TW0002357001,1996/11/14,上市,電腦及週邊設備業,ESVUFR,
2358,廷鑫,TW0002358009,1996/12/18,上市,電腦及週邊設備業,ESVUFR,
2359,所羅門,TW0002359007,1996/12/19,上市,其他電子業,ESVUFR,
2360,致茂,TW0002360005,1996/12/21,上市,其他電子業,ESVUFR,
2362,藍天,TW0002362001,1997/04/02,上市,電腦及週邊設備業,ESVUFR,
2363,矽統,TW0002363009,1997/08/01,上市,半導體業,ESVUFR,
2364,倫飛,TW0002364007,1997/08/11,上市,電腦及週邊設備業,ESVUFR,
2365,昆盈,TW0002365004,1997/11/03,上市,電腦及週邊設備業,ESVUFR,
2367,燿華,TW0002367000,1997/12/13,上市,電子零組件業,ESVUFR,
2368,金像電,TW0002368008,1998/03/09,上市,電子零組件業,ESVUFR,
2369,菱生,TW0002369006,1998/04/10,上市,半導體業,ESVUFR,
2371,大同,TW0002371002,1962/02/09,上市,電機機械,ESVUFR,
2373,震旦行,TW0002373008,1991/08/01,上市,其他電子業,ESVUFR,
2374,佳能,TW0002374006,1995/01/16,上市,光電業,ESVUFR,
2375,智寶,TW0002375003,1998/08/29,上市,電子零組件業,ESVUFR,
2376,技嘉,TW0002376001,1998/09/24,上市,電腦及週邊設備業,ESVUFR,
2377,微星,TW0002377009,1998/10/31,上市,電腦及週邊設備業,ESVUFR,
2379,瑞昱,TW0002379005,1998/10/26,上市,半導體業,ESVUFR,
2380,虹光,TW0002380003,1998/12/03,上市,電腦及週邊設備業,ESVUFR,
2382,廣達,TW0002382009,1999/01/08,上市,電腦及週邊設備業,ESVUFR,
2383,台光電,TW0002383007,1998/11/27,上市,電子零組件業,ESVUFR,
2385,群光,TW0002385002,1999/01/05,上市,電子零組件業,ESVUFR,
2387,精元,TW0002387008,1999/01/25,上市,電腦及週邊設備業,ESVUFR,
2388,威盛,TW0002388006,1999/03/05,上市,半導體業,ESVUFR,
2390,云辰,TW0002390002,1999/06/15,上市,其他電子業,ESVUFR,
2392,正崴,TW0002392008,1999/09/20,上市,電子零組件業,ESVUFR,
2393,億光,TW0002393006,1999/11/04,上市,光電業,ESVUFR,
2395,研華,TW0002395001,1999/12/13,上市,電腦及週邊設備業,ESVUFR,
2397,友通,TW0002397007,2000/01/15,上市,電腦及週邊設備業,ESVUFR,
2399,映泰,TW0002399003,1999/12/16,上市,電腦及週邊設備業,ESVUFR,
2401,凌陽,TW0002401007,2000/01/27,上市,半導體業,ESVUFR,
2402,毅嘉,TW0002402005,2000/01/14,上市,電子零組件業,ESVUFR,
2404,漢唐,TW0002404001,2000/03/14,上市,其他電子業,ESVUFR,
2405,浩鑫,TW0002405008,2000/03/17,上市,電腦及週邊設備業,ESVUFR,
2406,國碩,TW0002406006,2000/04/29,上市,光電業,ESVUFR,
2408,南亞科,TW0002408002,2000/08/17,上市,半導體業,ESVUFR,
2409,友達,TW0002409000,2000/09/08,上市,光電業,ESVUFR,
2412,中華電,TW0002412004,2000/10/27,上市,通信網路業,ESVUFR,
2413,環科,TW0002413002,2000/09/11,上市,電子零組件業,ESVUFR,
2414,精技,TW0002414000,2000/09/11,上市,電子通路業,ESVUFR,
2415,錩新,TW0002415007,2000/09/11,上市,電子零組件業,ESVUFR,
2417,圓剛,TW0002417003,2000/09/11,上市,電腦及週邊設備業,ESVUFR,
2419,仲琦,TW0002419009,2000/09/11,上市,通信網路業,ESVUFR,
2420,新巨,TW0002420007,2000/09/11,上市,電子零組件業,ESVUFR,
2421,建準,TW0002421005,2000/09/11,上市,電子零組件業,ESVUFR,
2423,固緯,TW0002423001,2000/09/11,上市,其他電子業,ESVUFR,
2424,隴華,TW0002424009,2000/09/11,上市,電腦及週邊設備業,ESVUFR,
2425,承啟,TW0002425006,2000/09/11,上市,電腦及週邊設備業,ESVUFR,
2426,鼎元,TW0002426004,2000/09/11,上市,光電業,ESVUFR,
2427,三商電,TW0002427002,2000/09/11,上市,資訊服務業,ESVUFR,
2428,興勤,TW0002428000,2000/09/11,上市,電子零組件業,ESVUFR,
2429,銘旺科,TW0002429008,2000/09/11,上市,電子零組件業,ESVUFR,
2430,燦坤,TW0002430006,2000/09/11,上市,電子通路業,ESVUFR,
2431,聯昌,TW0002431004,2000/09/11,上市,電子零組件業,ESVUFR,
2433,互盛電,TW0002433000,2000/09/11,上市,其他電子業,ESVUFR,
2434,統懋,TW0002434008,2000/09/11,上市,半導體業,ESVUFR,
2436,偉詮電,TW0002436003,2000/09/11,上市,半導體業,ESVUFR,
2437,旺詮,TW0002437001,2000/09/11,上市,電子零組件業,ESVUFR,
2438,翔耀,TW0002438009,2000/09/11,上市,光電業,ESVUFR,
2439,美律,TW0002439007,2000/09/11,上市,通信網路業,ESVUFR,
2440,太空梭,TW0002440005,2000/11/10,上市,電子零組件業,ESVUFR,
2441,超豐,TW0002441003,2000/10/26,上市,半導體業,ESVUFR,
2442,新美齊,TW0002442001,2000/11/22,上市,電腦及週邊設備業,ESVUFR,
2443,新利虹,TW0002443009,2001/01/03,上市,電子零組件業,ESVUFR,
2444,友旺,TW0002444007,2000/12/08,上市,通信網路業,ESVUFR,
2448,晶電,TW0002448008,2001/05/25,上市,光電業,ESVUFR,
2449,京元電,TW0002449006,2001/05/09,上市,半導體業,ESVUFR,
2450,神腦,TW0002450004,2001/05/24,上市,通信網路業,ESVUFR,
2451,創見,TW0002451002,2001/05/03,上市,半導體業,ESVUFR,
2453,凌群,TW0002453008,2001/05/22,上市,資訊服務業,ESVUFR,
2454,聯發科,TW0002454006,2001/07/23,上市,半導體業,ESVUFR,
2455,全新,TW0002455003,2002/01/24,上市,通信網路業,ESVUFR,
2456,奇力新,TW0002456001,2001/09/26,上市,電子零組件業,ESVUFR,
2457,飛宏,TW0002457009,2001/09/17,上市,電子零組件業,ESVUFR,
2458,義隆,TW0002458007,2001/09/17,上市,半導體業,ESVUFR,
2459,敦吉,TW0002459005,2001/09/17,上市,電子通路業,ESVUFR,
2460,建通,TW0002460003,2001/09/17,上市,電子零組件業,ESVUFR,
2461,光群雷,TW0002461001,2001/09/17,上市,其他電子業,ESVUFR,
2462,良得電,TW0002462009,2001/09/17,上市,電子零組件業,ESVUFR,
2464,盟立,TW0002464005,2001/09/17,上市,其他電子業,ESVUFR,
2465,麗臺,TW0002465002,2001/09/19,上市,電腦及週邊設備業,ESVUFR,
2466,冠西電,TW0002466000,2001/09/17,上市,光電業,ESVUFR,
2467,志聖,TW0002467008,2001/09/17,上市,電子零組件業,ESVUFR,
2468,華經,TW0002468006,2001/09/17,上市,資訊服務業,ESVUFR,
2471,資通,TW0002471000,2001/09/17,上市,資訊服務業,ESVUFR,
2472,立隆電,TW0002472008,2001/09/17,上市,電子零組件業,ESVUFR,
2474,可成,TW0002474004,2001/09/17,上市,其他電子業,ESVUFR,
2475,華映,TW0002475001,2001/09/17,上市,光電業,ESVUFR,
2476,鉅祥,TW0002476009,2001/09/17,上市,電子零組件業,ESVUFR,
2477,美隆電,TW0002477007,2001/09/17,上市,其他電子業,ESVUFR,
2478,大毅,TW0002478005,2001/09/17,上市,電子零組件業,ESVUFR,
2480,敦陽科,TW0002480001,2001/09/17,上市,資訊服務業,ESVUFR,
2481,強茂,TW0002481009,2001/09/17,上市,半導體業,ESVUFR,
2482,連宇,TW0002482007,2001/09/17,上市,其他電子業,ESVUFR,
2483,百容,TW0002483005,2001/09/17,上市,電子零組件業,ESVUFR,
2484,希華,TW0002484003,2001/09/17,上市,電子零組件業,ESVUFR,
2485,兆赫,TW0002485000,2001/09/17,上市,通信網路業,ESVUFR,
2486,一詮,TW0002486008,2001/09/19,上市,光電業,ESVUFR,
2488,漢平,TW0002488004,2001/09/17,上市,其他電子業,ESVUFR,
2489,瑞軒,TW0002489002,2001/09/17,上市,光電業,ESVUFR,
2491,吉祥全,TW0002491008,2001/09/17,上市,光電業,ESVUFR,
2492,華新科,TW0002492006,2001/09/17,上市,電子零組件業,ESVUFR,
2493,揚博,TW0002493004,2002/01/23,上市,電子零組件業,ESVUFR,
2495,普安,TW0002495009,2002/03/25,上市,其他電子業,ESVUFR,
2496,卓越,TW0002496007,2002/03/08,上市,通信網路業,ESVUFR,
2497,怡利電,TW0002497005,2002/02/04,上市,其他電子業,ESVUFR,
2498,宏達電,TW0002498003,2002/03/26,上市,通信網路業,ESVUFR,
2499,東貝,TW0002499001,2002/02/19,上市,光電業,ESVUFR,
2501,國建,TW0002501004,1967/10/28,上市,建材營造業,ESVUFR,
2504,國產,TW0002504008,1978/03/14,上市,建材營造業,ESVUFR,
2505,國揚,TW0002505005,1979/11/14,上市,建材營造業,ESVUFR,
2506,太設,TW0002506003,1980/02/02,上市,建材營造業,ESVUFR,
2509,全坤建,TW0002509007,1988/05/20,上市,建材營造業,ESVUFR,
2511,太子,TW0002511003,1991/04/24,上市,建材營造業,ESVUFR,
2514,龍邦,TW0002514007,1992/09/26,上市,其他業,ESVUFR,
2515,中工,TW0002515004,1993/03/02,上市,建材營造業,ESVUFR,
2516,新建,TW0002516002,1993/05/25,上市,建材營造業,ESVUFR,
2520,冠德,TW0002520004,1993/10/27,上市,建材營造業,ESVUFR,
2524,京城,TW0002524006,1994/10/18,上市,建材營造業,ESVUFR,
2527,宏璟,TW0002527009,1995/03/06,上市,建材營造業,ESVUFR,
2528,皇普,TW0002528007,1995/03/10,上市,建材營造業,ESVUFR,
2530,華建,TW0002530003,1995/10/12,上市,建材營造業,ESVUFR,
2534,宏盛,TW0002534005,1996/02/12,上市,建材營造業,ESVUFR,
2535,達欣工,TW0002535002,1996/03/11,上市,建材營造業,ESVUFR,
2536,宏普,TW0002536000,1996/03/14,上市,建材營造業,ESVUFR,
2537,聯上發,TW0002537008,1996/09/06,上市,建材營造業,ESVUFR,
2538,基泰,TW0002538006,1996/11/01,上市,建材營造業,ESVUFR,
2539,櫻花建,TW0002539004,1997/07/16,上市,建材營造業,ESVUFR,
2540,愛山林,TW0002540002,1989/12/26,上市,建材營造業,ESVUFR,
2542,興富發,TW0002542008,1999/05/03,上市,建材營造業,ESVUFR,
2543,皇昌,TW0002543006,1999/10/15,上市,建材營造業,ESVUFR,
2545,皇翔,TW0002545001,2000/09/11,上市,建材營造業,ESVUFR,
2546,根基,TW0002546009,2000/09/11,上市,建材營造業,ESVUFR,
2547,日勝生,TW0002547007,2000/12/22,上市,建材營造業,ESVUFR,
2548,華固,TW0002548005,2002/08/26,上市,建材營造業,ESVUFR,
2597,潤弘,TW0002597002,2010/03/26,上市,建材營造業,ESVUFR,
2601,益航,TW0002601002,1965/11/04,上市,貿易百貨業,ESVUFR,
2603,長榮,TW0002603008,1987/09/21,上市,航運業,ESVUFR,
2605,新興,TW0002605003,1989/12/08,上市,航運業,ESVUFR,
2606,裕民,TW0002606001,1990/12/08,上市,航運業,ESVUFR,
2607,榮運,TW0002607009,1990/12/14,上市,航運業,ESVUFR,
2608,大榮,TW0002608007,1990/12/20,上市,航運業,ESVUFR,
2609,陽明,TW0002609005,1992/04/20,上市,航運業,ESVUFR,
2610,華航,TW0002610003,1993/02/26,上市,航運業,ESVUFR,
2611,志信,TW0002611001,1993/10/28,上市,航運業,ESVUFR,
2612,中航,TW0002612009,1994/10/20,上市,航運業,ESVUFR,
2613,中櫃,TW0002613007,1995/01/20,上市,航運業,ESVUFR,
2614,東森,TW0002614005,1995/09/23,上市,貿易百貨業,ESVUFR,
2615,萬海,TW0002615002,1996/05/16,上市,航運業,ESVUFR,
2616,山隆,TW0002616000,1997/11/08,上市,油電燃氣業,ESVUFR,
2617,台航,TW0002617008,1998/06/24,上市,航運業,ESVUFR,
2618,長榮航,TW0002618006,2001/09/17,上市,航運業,ESVUFR,
2634,漢翔,TW0002634003,2014/08/25,上市,航運業,ESVUFR,
2637,F-慧洋,KYG9721M1033,2010/12/01,上市,航運業,ESVUFR,
2642,宅配通,TW0002642006,2013/12/12,上市,航運業,ESVUFR,
2701,萬企,TW0002701000,1965/03/22,上市,觀光事業,ESVUFR,
2702,華園,TW0002702008,1965/02/14,上市,觀光事業,ESVUFR,
2704,國賓,TW0002704004,1982/11/10,上市,觀光事業,ESVUFR,
2705,六福,TW0002705001,1988/12/24,上市,觀光事業,ESVUFR,
2706,第一店,TW0002706009,1991/06/25,上市,觀光事業,ESVUFR,
2707,晶華,TW0002707007,1998/03/09,上市,觀光事業,ESVUFR,
2712,遠雄來,TW0002712007,2013/12/03,上市,觀光事業,ESVUFR,
2722,夏都,TW0002722006,2012/03/14,上市,觀光事業,ESVUFR,
2723,F-美食,KYG4002A1004,2010/11/22,上市,觀光事業,ESVUFR,
2727,王品,TW0002727005,2012/03/06,上市,觀光事業,ESVUFR,
2731,雄獅,TW0002731007,2013/09/24,上市,觀光事業,ESVUFR,
2801,彰銀,TW0002801008,1962/02/15,上市,金融保險業,ESVUFR,
2809,京城銀,TW0002809001,1983/07/20,上市,金融保險業,ESVUFR,
2812,台中銀,TW0002812005,1984/05/15,上市,金融保險業,ESVUFR,
2816,旺旺保,TW0002816006,1992/05/05,上市,金融保險業,ESVUFR,
2820,華票,TW0002820008,1994/10/26,上市,金融保險業,ESVUFR,
2823,中壽,TW0002823002,1995/02/08,上市,金融保險業,ESVUFR,
2832,台產,TW0002832003,1997/09/30,上市,金融保險業,ESVUFR,
2834,臺企銀,TW0002834009,1998/01/03,上市,金融保險業,ESVUFR,
2836,高雄銀,TW0002836004,1998/05/18,上市,金融保險業,ESVUFR,
2838,聯邦銀,TW0002838000,1998/06/29,上市,金融保險業,ESVUFR,
2841,台開,TW0002841004,1999/01/08,上市,建材營造業,ESVUFR,
2845,遠東銀,TW0002845005,1998/11/27,上市,金融保險業,ESVUFR,
2847,大眾銀,TW0002847001,1999/02/04,上市,金融保險業,ESVUFR,
2849,安泰銀,TW0002849007,1999/09/27,上市,金融保險業,ESVUFR,
2850,新產,TW0002850005,2000/05/22,上市,金融保險業,ESVUFR,
2851,中再保,TW0002851003,2000/07/06,上市,金融保險業,ESVUFR,
2852,第一保,TW0002852001,2000/11/28,上市,金融保險業,ESVUFR,
2855,統一證,TW0002855004,2002/09/16,上市,金融保險業,ESVUFR,
2856,元富證,TW0002856002,2002/09/16,上市,金融保險業,ESVUFR,
2867,三商壽,TW0002867009,2012/12/18,上市,金融保險業,ESVUFR,
2880,華南金,TW0002880002,2001/12/19,上市,金融保險業,ESVUFR,
2881,富邦金,TW0002881000,2001/12/19,上市,金融保險業,ESVUFR,
2882,國泰金,TW0002882008,2001/12/31,上市,金融保險業,ESVUFR,
2883,開發金,TW0002883006,2001/12/28,上市,金融保險業,ESVUFR,
2884,玉山金,TW0002884004,2002/01/28,上市,金融保險業,ESVUFR,
2885,元大金,TW0002885001,2002/02/04,上市,金融保險業,ESVUFR,
2886,兆豐金,TW0002886009,2002/02/04,上市,金融保險業,ESVUFR,
2887,台新金,TW0002887007,2002/02/18,上市,金融保險業,ESVUFR,
2888,新光金,TW0002888005,2002/02/19,上市,金融保險業,ESVUFR,
2889,國票金,TW0002889003,2002/03/26,上市,金融保險業,ESVUFR,
2890,永豐金,TW0002890001,2002/05/09,上市,金融保險業,ESVUFR,
2891,中信金,TW0002891009,2002/05/17,上市,金融保險業,ESVUFR,
2892,第一金,TW0002892007,2003/01/02,上市,金融保險業,ESVUFR,
2901,欣欣,TW0002901006,1976/05/07,上市,貿易百貨業,ESVUFR,
2903,遠百,TW0002903002,1978/10/11,上市,貿易百貨業,ESVUFR,
2904,匯僑,TW0002904000,1983/01/05,上市,其他業,ESVUFR,
2905,三商,TW0002905007,1988/09/19,上市,貿易百貨業,ESVUFR,
2906,高林,TW0002906005,1989/12/26,上市,貿易百貨業,ESVUFR,
2908,特力,TW0002908001,1993/02/18,上市,貿易百貨業,ESVUFR,
2910,統領,TW0002910007,1996/12/30,上市,貿易百貨業,ESVUFR,
2911,麗嬰房,TW0002911005,1997/01/18,上市,貿易百貨業,ESVUFR,
2912,統一超,TW0002912003,1997/08/22,上市,貿易百貨業,ESVUFR,
2913,農林,TW0002913001,1962/02/09,上市,貿易百貨業,ESVUFR,
2915,潤泰全,TW0002915006,1977/07/20,上市,貿易百貨業,ESVUFR,
2923,F-鼎固,KYG8190L1095,2012/12/07,上市,建材營造業,ESVUFR,
2929,F-淘帝,KYG8922A1085,2013/12/30,上市,貿易百貨業,ESVUFR,
3002,歐格,TW0003002002,2002/01/23,上市,電腦及週邊設備業,ESVUFR,
3003,健和興,TW0003003000,2002/02/19,上市,電子零組件業,ESVUFR,
3004,豐達科,TW0003004008,2002/02/25,上市,鋼鐵工業,ESVUFR,
3005,神基,TW0003005005,2002/02/25,上市,電腦及週邊設備業,ESVUFR,
3006,晶豪科,TW0003006003,2002/03/04,上市,半導體業,ESVUFR,
3008,大立光,TW0003008009,2002/03/11,上市,光電業,ESVUFR,
3010,華立,TW0003010005,2002/07/22,上市,電子通路業,ESVUFR,
3011,今皓,TW0003011003,2002/07/22,上市,電子零組件業,ESVUFR,
3013,晟銘電,TW0003013009,2002/09/16,上市,電腦及週邊設備業,ESVUFR,
3014,聯陽,TW0003014007,2002/10/29,上市,半導體業,ESVUFR,
3015,全漢,TW0003015004,2002/10/16,上市,電子零組件業,ESVUFR,
3016,嘉晶,TW0003016002,2002/12/24,上市,半導體業,ESVUFR,
3017,奇鋐,TW0003017000,2002/09/27,上市,電腦及週邊設備業,ESVUFR,
3018,同開,TW0003018008,2002/08/26,上市,其他電子業,ESVUFR,
3019,亞光,TW0003019006,2002/08/26,上市,光電業,ESVUFR,
3021,鴻名,TW0003021002,2002/08/26,上市,電子零組件業,ESVUFR,
3022,威強電,TW0003022000,2002/08/26,上市,電腦及週邊設備業,ESVUFR,
3023,信邦,TW0003023008,2002/08/26,上市,電子零組件業,ESVUFR,
3024,憶聲,TW0003024006,2002/08/26,上市,光電業,ESVUFR,
3025,星通,TW0003025003,2002/08/26,上市,通信網路業,ESVUFR,
3026,禾伸堂,TW0003026001,2002/08/26,上市,電子零組件業,ESVUFR,
3027,盛達,TW0003027009,2002/08/26,上市,通信網路業,ESVUFR,
3028,增你強,TW0003028007,2002/08/26,上市,電子通路業,ESVUFR,
3029,零壹,TW0003029005,2002/08/26,上市,資訊服務業,ESVUFR,
3030,德律,TW0003030003,2002/10/29,上市,其他電子業,ESVUFR,
3031,佰鴻,TW0003031001,2002/08/26,上市,光電業,ESVUFR,
3032,偉訓,TW0003032009,2002/08/26,上市,電子零組件業,ESVUFR,
3033,威健,TW0003033007,2002/08/26,上市,電子通路業,ESVUFR,
3034,聯詠,TW0003034005,2002/08/26,上市,半導體業,ESVUFR,
3035,智原,TW0003035002,2002/08/26,上市,半導體業,ESVUFR,
3036,文曄,TW0003036000,2002/08/26,上市,電子通路業,ESVUFR,
3037,欣興,TW0003037008,2002/08/26,上市,電子零組件業,ESVUFR,
3038,全台,TW0003038006,2002/08/26,上市,光電業,ESVUFR,
3040,遠見,TW0003040002,2002/08/26,上市,其他業,ESVUFR,
3041,揚智,TW0003041000,2002/08/26,上市,半導體業,ESVUFR,
3042,晶技,TW0003042008,2002/08/26,上市,電子零組件業,ESVUFR,
3043,科風,TW0003043006,2002/08/26,上市,其他電子業,ESVUFR,
3044,健鼎,TW0003044004,2002/08/26,上市,電子零組件業,ESVUFR,
3045,台灣大,TW0003045001,2002/08/26,上市,通信網路業,ESVUFR,
3046,建碁,TW0003046009,2002/08/26,上市,電腦及週邊設備業,ESVUFR,
3047,訊舟,TW0003047007,2002/08/26,上市,通信網路業,ESVUFR,
3048,益登,TW0003048005,2002/10/01,上市,電子通路業,ESVUFR,
3049,和鑫,TW0003049003,2002/09/27,上市,光電業,ESVUFR,
3050,鈺德,TW0003050001,2002/10/29,上市,光電業,ESVUFR,
3051,力特,TW0003051009,2002/10/28,上市,光電業,ESVUFR,
3052,夆典,TW0003052007,1995/11/25,上市,建材營造業,ESVUFR,
3054,立萬利,TW0003054003,2002/11/18,上市,半導體業,ESVUFR,
3055,蔚華科,TW0003055000,2002/12/12,上市,電子通路業,ESVUFR,
3056,總太,TW0003056008,2003/03/03,上市,建材營造業,ESVUFR,
3057,喬鼎,TW0003057006,2002/12/18,上市,電腦及週邊設備業,ESVUFR,
3058,立德,TW0003058004,2002/12/09,上市,電子零組件業,ESVUFR,
3059,華晶科,TW0003059002,2002/12/24,上市,光電業,ESVUFR,
3060,銘異,TW0003060000,2003/04/21,上市,電腦及週邊設備業,ESVUFR,
3062,建漢,TW0003062006,2003/07/28,上市,通信網路業,ESVUFR,
3090,日電貿,TW0003090007,2007/12/31,上市,電子零組件業,ESVUFR,
3094,聯傑,TW0003094009,2007/08/06,上市,半導體業,ESVUFR,
3130,一零四,TW0003130001,2006/02/17,上市,資訊服務業,ESVUFR,
3149,正達,TW0003149001,2011/11/23,上市,光電業,ESVUFR,
3164,景岳,TW0003164000,2010/03/22,上市,生技醫療業,ESVUFR,
3167,大量,TW0003167003,2013/10/21,上市,電機機械,ESVUFR,
3189,景碩,TW0003189007,2004/11/01,上市,半導體業,ESVUFR,
3209,全科,TW0003209003,2008/11/26,上市,電子通路業,ESVUFR,
3229,晟鈦,TW0003229001,2009/12/31,上市,電子零組件業,ESVUFR,
3231,緯創,TW0003231007,2003/08/19,上市,電腦及週邊設備業,ESVUFR,
3257,虹冠電,TW0003257002,2011/03/21,上市,半導體業,ESVUFR,
3266,昇陽,TW0003266003,2014/12/24,上市,建材營造業,ESVUFR,
3296,勝德,TW0003296000,2007/12/31,上市,電子零組件業,ESVUFR,
3305,昇貿,TW0003305009,2008/07/10,上市,其他電子業,ESVUFR,
3308,聯德,TW0003308003,2008/03/12,上市,電子零組件業,ESVUFR,
3311,閎暉,TW0003311007,2004/03/08,上市,通信網路業,ESVUFR,
3312,弘憶股,TW0003312005,2010/12/29,上市,電子通路業,ESVUFR,
3315,宣昶,TW0003315008,2006/10/26,上市,電子通路業,ESVUFR,
3321,同泰,TW0003321006,2015/12/15,上市,電子零組件業,ESVUFR,
3338,泰碩,TW0003338000,2013/12/13,上市,電子零組件業,ESVUFR,
3356,奇偶,TW0003356002,2005/03/28,上市,光電業,ESVUFR,
3376,新日興,TW0003376000,2007/12/31,上市,電子零組件業,ESVUFR,
3380,明泰,TW0003380002,2004/12/20,上市,通信網路業,ESVUFR,
3383,新世紀,TW0003383006,2007/12/10,上市,光電業,ESVUFR,
3406,玉晶光,TW0003406005,2005/12/20,上市,光電業,ESVUFR,
3413,京鼎,TW0003413001,2015/07/28,上市,半導體業,ESVUFR,
3416,融程電,TW0003416004,2015/01/23,上市,電腦及週邊設備業,ESVUFR,
3419,譁裕,TW0003419008,2008/01/21,上市,通信網路業,ESVUFR,
3432,台端,TW0003432001,2010/12/30,上市,電子零組件業,ESVUFR,
3437,榮創,TW0003437000,2014/07/09,上市,光電業,ESVUFR,
3443,創意,TW0003443008,2006/11/03,上市,半導體業,ESVUFR,
3450,聯鈞,TW0003450003,2006/04/12,上市,其他電子業,ESVUFR,
3454,晶睿,TW0003454005,2011/07/22,上市,光電業,ESVUFR,
3474,華亞科,TW0003474003,2006/03/17,上市,半導體業,ESVUFR,
3481,群創,TW0003481008,2006/10/24,上市,光電業,ESVUFR,
3494,誠研,TW0003494001,2007/12/13,上市,電腦及週邊設備業,ESVUFR,
3501,維熹,TW0003501003,2007/09/20,上市,電子零組件業,ESVUFR,
3504,揚明光,TW0003504007,2007/01/26,上市,光電業,ESVUFR,
3514,昱晶,TW0003514006,2007/11/02,上市,光電業,ESVUFR,
3515,華擎,TW0003515003,2007/11/08,上市,電腦及週邊設備業,ESVUFR,
3518,柏騰,TW0003518007,2007/11/28,上市,其他電子業,ESVUFR,
3519,綠能,TW0003519005,2008/01/25,上市,半導體業,ESVUFR,
3532,台勝科,TW0003532008,2007/12/10,上市,半導體業,ESVUFR,
3533,嘉澤,TW0003533006,2007/12/10,上市,電子零組件業,ESVUFR,
3535,晶彩科,TW0003535001,2008/01/31,上市,光電業,ESVUFR,
3536,誠創,TW0003536009,2008/04/30,上市,半導體業,ESVUFR,
3545,敦泰,TW0003545000,2007/07/03,上市,半導體業,ESVUFR,
3550,聯穎,TW0003550000,2010/11/10,上市,電子零組件業,ESVUFR,
3557,嘉威,TW0003557005,2008/02/27,上市,光電業,ESVUFR,
3559,全智科,TW0003559001,2008/10/23,上市,半導體業,ESVUFR,
3561,昇陽科,TW0003561007,2008/12/05,上市,光電業,ESVUFR,
3573,穎台,TW0003573002,2009/08/26,上市,光電業,ESVUFR,
3576,新日光,TW0003576005,2009/01/12,上市,光電業,ESVUFR,
3579,尚志,TW0003579009,2009/12/23,上市,半導體業,ESVUFR,
3583,辛耘,TW0003583001,2013/03/12,上市,半導體業,ESVUFR,
3584,介面,TW0003584009,2010/07/27,上市,光電業,ESVUFR,
3588,通嘉,TW0003588000,2009/08/14,上市,半導體業,ESVUFR,
3591,艾笛森,TW0003591004,2010/11/12,上市,光電業,ESVUFR,
3593,力銘,TW0003593000,2009/03/16,上市,光電業,ESVUFR,
3596,智易,TW0003596003,2009/03/11,上市,通信網路業,ESVUFR,
3598,奕力,TW0003598009,2011/01/11,上市,半導體業,ESVUFR,
3605,宏致,TW0003605002,2009/03/26,上市,電子零組件業,ESVUFR,
3607,谷崧,TW0003607008,2009/10/28,上市,電子零組件業,ESVUFR,
3617,碩天,TW0003617007,2009/12/23,上市,其他電子業,ESVUFR,
3622,洋華,TW0003622007,2009/03/25,上市,光電業,ESVUFR,
3645,達邁,TW0003645008,2011/10/05,上市,電子零組件業,ESVUFR,
3653,健策,TW0003653002,2009/11/18,上市,電子零組件業,ESVUFR,
3661,F-世芯,KYG022421088,2010/12/23,上市,半導體業,ESVUFR,
3665,F-貿聯,KYG114741062,2011/04/21,上市,其他電子業,ESVUFR,
3669,圓展,TW0003669008,2011/08/25,上市,光電業,ESVUFR,
3679,新至陞,TW0003679007,2011/10/05,上市,電子零組件業,ESVUFR,
3682,亞太電,TW0003682001,2013/08/05,上市,通信網路業,ESVUFR,
3686,達能,TW0003686002,2010/07/20,上市,半導體業,ESVUFR,
3694,海華,TW0003694006,2011/05/03,上市,通信網路業,ESVUFR,
3698,隆達,TW0003698007,2011/09/29,上市,光電業,ESVUFR,
3701,大眾控,TW0003701009,2004/08/30,上市,電腦及週邊設備業,ESVUFR,
3702,大聯大,TW0003702007,2005/11/09,上市,電子通路業,ESVUFR,
3703,欣陸,TW0003703005,2010/04/08,上市,建材營造業,ESVUFR,
3704,合勤控,TW0003704003,2010/08/16,上市,通信網路業,ESVUFR,
3705,永信,TW0003705000,2011/01/03,上市,生技醫療業,ESVUFR,
3706,神達,TW0003706008,2013/09/12,上市,電腦及週邊設備業,ESVUFR,
4104,佳醫,TW0004104005,2007/12/31,上市,生技醫療業,ESVUFR,
4106,雃博,TW0004106000,2004/11/08,上市,生技醫療業,ESVUFR,
4108,懷特,TW0004108006,2008/07/16,上市,生技醫療業,ESVUFR,
4119,旭富,TW0004119003,2004/01/07,上市,生技醫療業,ESVUFR,
4133,亞諾法,TW0004133004,2009/12/28,上市,生技醫療業,ESVUFR,
4137,F-麗豐,KYG211641017,2013/11/27,上市,生技醫療業,ESVUFR,
4141,F-龍燈,KYG7644E1098,2012/04/25,上市,生技醫療業,ESVUFR,
4142,國光生,TW0004142005,2012/05/03,上市,生技醫療業,ESVUFR,
4144,F-康聯,KYG2379A1094,2011/10/05,上市,生技醫療業,ESVUFR,
4164,承業醫,TW0004164009,2012/10/24,上市,生技醫療業,ESVUFR,
4190,F-佐登,KYG518761039,2015/10/21,上市,生技醫療業,ESVUFR,
4306,炎洲,TW0004306006,2008/01/21,上市,塑膠工業,ESVUFR,
4414,如興,TW0004414008,2004/09/06,上市,紡織纖維,ESVUFR,
4426,利勤,TW0004426002,2011/12/16,上市,紡織纖維,ESVUFR,
4526,東台,TW0004526009,2003/09/15,上市,電機機械,ESVUFR,
4532,瑞智,TW0004532007,2003/08/04,上市,電機機械,ESVUFR,
4536,拓凱,TW0004536008,2013/10/09,上市,其他業,ESVUFR,
4545,銘鈺,TW0004545009,2016/01/06,上市,電子零組件業,ESVUFR,
4551,智伸科,TW0004551007,2015/08/10,上市,電機機械,ESVUFR,
4555,氣立,TW0004555008,2015/10/27,上市,電機機械,ESVUFR,
4557,F-永新,KYG988461011,2015/10/12,上市,電機機械,ESVUFR,
4720,德淵,TW0004720008,2015/06/24,上市,化學工業,ESVUFR,
4722,國精化,TW0004722004,2012/08/15,上市,化學工業,ESVUFR,
4725,信昌化,TW0004725007,2007/10/02,上市,化學工業,ESVUFR,
4733,上緯,TW0004733001,2010/12/30,上市,化學工業,ESVUFR,
4737,華廣,TW0004737002,2010/12/23,上市,生技醫療業,ESVUFR,
4746,台耀,TW0004746003,2011/03/01,上市,生技醫療業,ESVUFR,
4755,三福化,TW0004755004,2013/11/27,上市,化學工業,ESVUFR,
4763,F-材料,KYG5138S1057,2015/11/09,上市,化學工業,ESVUFR,
4904,遠傳,TW0004904008,2005/08/24,上市,通信網路業,ESVUFR,
4906,正文,TW0004906003,2003/06/30,上市,通信網路業,ESVUFR,
4912,F-聯德,KYG545091079,2015/05/21,上市,電子零組件業,ESVUFR,
4915,致伸,TW0004915004,2012/10/05,上市,電腦及週邊設備業,ESVUFR,
4916,事欣科,TW0004916002,2013/11/21,上市,電腦及週邊設備業,ESVUFR,
4919,新唐,TW0004919006,2010/09/27,上市,半導體業,ESVUFR,
4927,F-泰鼎,KYG0407M1033,2015/09/08,上市,電子零組件業,ESVUFR,
4930,燦星網,TW0004930003,2010/06/21,上市,電器電纜,ESVUFR,
4934,太極,TW0004934005,2010/03/10,上市,光電業,ESVUFR,
4935,F-茂林,KYG3931M1024,2011/07/28,上市,光電業,ESVUFR,
4938,和碩,TW0004938006,2010/06/24,上市,電腦及週邊設備業,ESVUFR,
4942,嘉彰,TW0004942008,2011/06/27,上市,光電業,ESVUFR,
4952,凌通,TW0004952007,2011/11/01,上市,半導體業,ESVUFR,
4956,光鋐,TW0004956008,2011/10/24,上市,光電業,ESVUFR,
4958,F-臻鼎,KYG989221000,2011/12/26,上市,電子零組件業,ESVUFR,
4960,奇美材,TW0004960000,2011/10/24,上市,光電業,ESVUFR,
4968,立積,TW0004968003,2015/11/13,上市,半導體業,ESVUFR,
4976,佳凌,TW0004976006,2012/11/20,上市,光電業,ESVUFR,
4977,F-眾達,KYG6956N1034,2013/11/20,上市,通信網路業,ESVUFR,
4984,F-科納,KYG190621014,2011/08/31,上市,通信網路業,ESVUFR,
4994,傳奇,TW0004994009,2013/12/25,上市,資訊服務業,ESVUFR,
4999,鑫禾,TW0004999008,2013/06/03,上市,電子零組件業,ESVUFR,
5007,三星,TW0005007009,2011/09/16,上市,鋼鐵工業,ESVUFR,
5203,訊連,TW0005203004,2004/09/27,上市,資訊服務業,ESVUFR,
5215,F-科嘉,KYG530791022,2011/12/26,上市,電腦及週邊設備業,ESVUFR,
5225,F-東科,KYG291021031,2012/11/05,上市,其他電子業,ESVUFR,
5234,達興,TW0005234009,2012/07/16,上市,光電業,ESVUFR,
5243,F-乙盛,KYG312361051,2013/11/25,上市,光電業,ESVUFR,
5259,清惠,TW0005259006,2013/12/03,上市,光電業,ESVUFR,
5264,F-鎧勝,KYG193031096,2013/01/25,上市,電腦及週邊設備業,ESVUFR,
5269,祥碩,TW0005269005,2012/12/12,上市,半導體業,ESVUFR,
5285,界霖,TW0005285001,2014/02/25,上市,半導體業,ESVUFR,
5288,F-豐祥,KYG314551014,2014/09/25,上市,電機機械,ESVUFR,
5305,敦南,TW0005305007,2004/07/19,上市,半導體業,ESVUFR,
5388,中磊,TW0005388003,2007/12/03,上市,通信網路業,ESVUFR,
5434,崇越,TW0005434005,2003/08/25,上市,電子通路業,ESVUFR,
5469,瀚宇博,TW0005469001,2003/08/25,上市,電子零組件業,ESVUFR,
5471,松翰,TW0005471007,2003/08/25,上市,半導體業,ESVUFR,
5484,慧友,TW0005484000,2003/08/25,上市,光電業,ESVUFR,
5515,建國,TW0005515001,2003/10/06,上市,建材營造業,ESVUFR,
5519,隆大,TW0005519003,2014/02/10,上市,建材營造業,ESVUFR,
5521,工信,TW0005521009,2012/12/18,上市,建材營造業,ESVUFR,
5522,遠雄,TW0005522007,2007/08/06,上市,建材營造業,ESVUFR,
5525,順天,TW0005525000,2004/11/26,上市,建材營造業,ESVUFR,
5531,鄉林,TW0005531008,2005/01/31,上市,建材營造業,ESVUFR,
5533,皇鼎,TW0005533004,2008/04/30,上市,建材營造業,ESVUFR,
5534,長虹,TW0005534002,2004/05/24,上市,建材營造業,ESVUFR,
5538,F-東明,KYG8919A1031,2013/12/16,上市,鋼鐵工業,ESVUFR,
5607,遠雄港,TW0005607006,2004/12/02,上市,航運業,ESVUFR,
5608,四維航,TW0005608004,2003/08/25,上市,航運業,ESVUFR,
5706,鳳凰,TW0005706006,2011/10/21,上市,觀光事業,ESVUFR,
5871,F-中租,KYG202881093,2011/12/13,上市,其他業,ESVUFR,
5880,合庫金,TW0005880009,2011/12/01,上市,金融保險業,ESVUFR,
5906,F-台南,KYG8661M1078,2011/10/24,上市,貿易百貨業,ESVUFR,
5907,F-大洋,KYG4064G1029,2012/06/06,上市,貿易百貨業,ESVUFR,
6005,群益證,TW0006005002,2005/11/21,上市,金融保險業,ESVUFR,
6108,競國,TW0006108004,2008/12/30,上市,電子零組件業,ESVUFR,
6112,聚碩,TW0006112006,2003/08/04,上市,資訊服務業,ESVUFR,
6115,鎰勝,TW0006115009,2004/07/19,上市,電子零組件業,ESVUFR,
6116,彩晶,TW0006116007,2004/09/06,上市,光電業,ESVUFR,
6117,迎廣,TW0006117005,2003/08/25,上市,電腦及週邊設備業,ESVUFR,
6120,達運,TW0006120009,2006/09/13,上市,光電業,ESVUFR,
6128,上福,TW0006128002,2003/06/16,上市,電腦及週邊設備業,ESVUFR,
6131,悠克,TW0006131006,2004/09/27,上市,光電業,ESVUFR,
6133,金橋,TW0006133002,2003/08/15,上市,電子零組件業,ESVUFR,
6136,富爾特,TW0006136005,2003/08/25,上市,通信網路業,ESVUFR,
6139,亞翔,TW0006139009,2003/08/25,上市,其他電子業,ESVUFR,
6141,柏承,TW0006141005,2003/10/22,上市,電子零組件業,ESVUFR,
6142,友勁,TW0006142003,2003/08/04,上市,通信網路業,ESVUFR,
6145,勁永,TW0006145006,2003/08/25,上市,電子通路業,ESVUFR,
6152,百一,TW0006152002,2009/12/08,上市,通信網路業,ESVUFR,
6153,嘉聯益,TW0006153000,2008/01/21,上市,電子零組件業,ESVUFR,
6155,鈞寶,TW0006155005,2006/08/18,上市,電子零組件業,ESVUFR,
6164,華興,TW0006164007,2008/10/21,上市,光電業,ESVUFR,
6165,捷泰,TW0006165004,2003/08/04,上市,電子零組件業,ESVUFR,
6166,凌華,TW0006166002,2004/11/08,上市,電腦及週邊設備業,ESVUFR,
6168,宏齊,TW0006168008,2003/08/25,上市,光電業,ESVUFR,
6172,互億,TW0006172000,2004/05/24,上市,電腦及週邊設備業,ESVUFR,
6176,瑞儀,TW0006176001,2007/05/15,上市,光電業,ESVUFR,
6177,達麗,TW0006177009,2013/08/01,上市,建材營造業,ESVUFR,
6183,關貿,TW0006183007,2011/12/01,上市,資訊服務業,ESVUFR,
6184,大豐電,TW0006184005,2005/02/15,上市,其他業,ESVUFR,
6189,豐藝,TW0006189004,2004/05/24,上市,電子通路業,ESVUFR,
6191,精成科,TW0006191000,2007/10/19,上市,電子零組件業,ESVUFR,
6192,巨路,TW0006192008,2004/09/27,上市,其他電子業,ESVUFR,
6196,帆宣,TW0006196009,2004/05/24,上市,其他電子業,ESVUFR,
6197,佳必琪,TW0006197007,2004/11/08,上市,電子零組件業,ESVUFR,
6201,亞弘電,TW0006201007,2004/09/27,上市,其他電子業,ESVUFR,
6202,盛群,TW0006202005,2004/09/27,上市,半導體業,ESVUFR,
6205,詮欣,TW0006205008,2008/01/21,上市,電子零組件業,ESVUFR,
6206,飛捷,TW0006206006,2004/08/03,上市,電腦及週邊設備業,ESVUFR,
6209,今國光,TW0006209000,2004/11/08,上市,光電業,ESVUFR,
6213,聯茂,TW0006213002,2008/01/21,上市,電子零組件業,ESVUFR,
6214,精誠,TW0006214000,2010/12/30,上市,資訊服務業,ESVUFR,
6215,和椿,TW0006215007,2007/12/31,上市,其他電子業,ESVUFR,
6216,居易,TW0006216005,2004/09/27,上市,通信網路業,ESVUFR,
6224,聚鼎,TW0006224009,2009/09/17,上市,電子零組件業,ESVUFR,
6225,天瀚,TW0006225006,2004/09/27,上市,光電業,ESVUFR,
6226,光鼎,TW0006226004,2008/11/10,上市,光電業,ESVUFR,
6230,超眾,TW0006230006,2010/09/16,上市,電腦及週邊設備業,ESVUFR,
6235,華孚,TW0006235005,2004/08/23,上市,電腦及週邊設備業,ESVUFR,
6239,力成,TW0006239007,2004/11/08,上市,半導體業,ESVUFR,
6243,迅杰,TW0006243009,2009/12/17,上市,半導體業,ESVUFR,
6251,定穎,TW0006251002,2009/03/18,上市,電子零組件業,ESVUFR,
6257,矽格,TW0006257009,2003/08/25,上市,半導體業,ESVUFR,
6269,台郡,TW0006269004,2003/09/23,上市,電子零組件業,ESVUFR,
6271,同欣電,TW0006271000,2007/11/16,上市,半導體業,ESVUFR,
6277,宏正,TW0006277007,2003/10/30,上市,電腦及週邊設備業,ESVUFR,
6278,台表科,TW0006278005,2010/08/24,上市,光電業,ESVUFR,
6281,全國電,TW0006281009,2005/12/08,上市,電子通路業,ESVUFR,
6282,康舒,TW0006282007,2003/09/08,上市,電子零組件業,ESVUFR,
6283,淳安,TW0006283005,2008/01/21,上市,通信網路業,ESVUFR,
6285,啟碁,TW0006285000,2003/09/22,上市,通信網路業,ESVUFR,
6286,立錡,TW0006286008,2003/10/21,上市,半導體業,ESVUFR,
6289,華上,TW0006289002,2003/08/28,上市,光電業,ESVUFR,
6405,悅城,TW0006405004,2013/11/28,上市,光電業,ESVUFR,
6409,旭隼,TW0006409006,2014/03/31,上市,其他電子業,ESVUFR,
6412,群電,TW0006412000,2013/11/08,上市,電子零組件業,ESVUFR,
6414,樺漢,TW0006414006,2014/03/28,上市,電腦及週邊設備業,ESVUFR,
6415,F-矽力,KYG8190F1028,2013/12/12,上市,半導體業,ESVUFR,
6422,F-君耀,KYG136861039,2014/12/27,上市,電子零組件業,ESVUFR,
6431,F-光麗,KYG532651075,2014/12/04,上市,光電業,ESVUFR,
6442,光聖,TW0006442007,2015/07/14,上市,通信網路業,ESVUFR,
6443,元晶,TW0006443005,2015/10/01,上市,光電業,ESVUFR,
6449,鈺邦,TW0006449002,2014/12/09,上市,電子零組件業,ESVUFR,
6451,F-訊芯,KYG811801045,2015/01/26,上市,半導體業,ESVUFR,
6452,F-康友,KYG7060F1019,2015/03/25,上市,生技醫療業,ESVUFR,
6456,F-GIS,KYG3808R1011,2015/06/12,上市,光電業,ESVUFR,
6464,台數科,TW0006464001,2015/12/16,上市,其他業,ESVUFR,
6504,南六,TW0006504004,2013/05/07,上市,其他業,ESVUFR,
6505,台塑化,TW0006505001,2003/12/26,上市,油電燃氣業,ESVUFR,
6605,帝寶,TW0006605009,2004/03/17,上市,電機機械,ESVUFR,
6702,興航,TW0006702004,2011/11/01,上市,航運業,ESVUFR,
8011,台通,TW0008011008,2011/09/19,上市,通信網路業,ESVUFR,
8016,矽創,TW0008016007,2003/12/25,上市,半導體業,ESVUFR,
8021,尖點,TW0008021007,2008/01/21,上市,其他電子業,ESVUFR,
8033,雷虎,TW0008033002,2007/06/21,上市,其他業,ESVUFR,
8039,台虹,TW0008039009,2009/12/17,上市,電子零組件業,ESVUFR,
8046,南電,TW0008046004,2006/04/07,上市,電子零組件業,ESVUFR,
8070,長華,TW0008070004,2007/12/31,上市,電子通路業,ESVUFR,
8072,陞泰,TW0008072000,2005/08/19,上市,光電業,ESVUFR,
8081,致新,TW0008081001,2008/12/30,上市,半導體業,ESVUFR,
8101,華冠,TW0008101007,2004/07/01,上市,通信網路業,ESVUFR,
8103,瀚荃,TW0008103003,2009/09/29,上市,電子零組件業,ESVUFR,
8105,凌巨,TW0008105008,2006/12/27,上市,光電業,ESVUFR,
8110,華東,TW0008110008,2007/10/31,上市,半導體業,ESVUFR,
8112,至上,TW0008112004,2007/12/31,上市,電子通路業,ESVUFR,
8114,振樺電,TW0008114000,2012/11/26,上市,電腦及週邊設備業,ESVUFR,
8131,福懋科,TW0008131004,2007/11/29,上市,半導體業,ESVUFR,
8150,南茂,TW0008150004,2014/04/11,上市,半導體業,ESVUFR,
8163,達方,TW0008163007,2007/11/28,上市,電腦及週邊設備業,ESVUFR,
8201,無敵,TW0008201005,2007/10/29,上市,其他電子業,ESVUFR,
8210,勤誠,TW0008210006,2011/12/01,上市,電腦及週邊設備業,ESVUFR,
8213,志超,TW0008213000,2009/12/25,上市,電子零組件業,ESVUFR,
8215,明基材,TW0008215005,2010/11/12,上市,光電業,ESVUFR,
8222,寶一,TW0008222001,2015/01/27,上市,電機機械,ESVUFR,
8249,菱光,TW0008249004,2005/05/17,上市,電子零組件業,ESVUFR,
8261,富鼎,TW0008261009,2009/12/11,上市,半導體業,ESVUFR,
8271,宇瞻,TW0008271008,2010/12/29,上市,半導體業,ESVUFR,
8341,日友,TW0008341009,2015/03/23,上市,其他業,ESVUFR,
8374,羅昇,TW0008374000,2008/12/25,上市,電機機械,ESVUFR,
8404,F-百和,KYG684631016,2011/05/18,上市,其他業,ESVUFR,
8411,F-福貞,KYG525911072,2011/11/01,上市,其他業,ESVUFR,
8422,可寧衛,TW0008422007,2011/10/05,上市,其他業,ESVUFR,
8427,F-基勝,KYG525341072,2011/12/06,上市,其他業,ESVUFR,
8429,F-金麗,KYG513871015,2012/12/20,上市,貿易百貨業,ESVUFR,
8443,阿瘦,TW0008443003,2014/09/15,上市,貿易百貨業,ESVUFR,
8454,富邦媒,TW0008454000,2014/12/19,上市,貿易百貨業,ESVUFR,
8463,潤泰材,TW0008463001,2015/07/13,上市,建材營造業,ESVUFR,
8464,億豐,TW0008464009,2015/12/22,上市,其他業,ESVUFR,
8467,F-波力,KYG144971044,2015/12/15,上市,其他業,ESVUFR,
8926,台汽電,TW0008926007,2003/08/25,上市,油電燃氣業,ESVUFR,
8940,新天地,TW0008940008,2009/05/15,上市,觀光事業,ESVUFR,
8996,高力,TW0008996000,2014/02/14,上市,電機機械,ESVUFR,
9802,F-鈺齊,KYG368891068,2012/10/18,上市,其他業,ESVUFR,
9902,台火,TW0009902007,1964/07/14,上市,其他業,ESVUFR,
9904,寶成,TW0009904003,1990/01/19,上市,其他業,ESVUFR,
9905,大華,TW0009905000,1990/08/08,上市,其他業,ESVUFR,
9906,欣巴巴,TW0009906008,1990/12/15,上市,建材營造業,ESVUFR,
9907,統一實,TW0009907006,1991/01/29,上市,其他業,ESVUFR,
9908,大台北,TW0009908004,1991/02/06,上市,油電燃氣業,ESVUFR,
9910,豐泰,TW0009910000,1992/02/18,上市,其他業,ESVUFR,
9911,櫻花,TW0009911008,1992/07/16,上市,其他業,ESVUFR,
9912,偉聯,TW0009912006,1992/08/08,上市,電腦及週邊設備業,ESVUFR,
9914,美利達,TW0009914002,1992/09/30,上市,其他業,ESVUFR,
9917,中保,TW0009917005,1993/12/08,上市,其他業,ESVUFR,
9918,欣天然,TW0009918003,1994/04/26,上市,油電燃氣業,ESVUFR,
9919,康那香,TW0009919001,1994/11/04,上市,其他業,ESVUFR,
9921,巨大,TW0009921007,1994/12/29,上市,其他業,ESVUFR,
9924,福興,TW0009924001,1995/03/15,上市,其他業,ESVUFR,
9925,新保,TW0009925008,1995/12/09,上市,其他業,ESVUFR,
9926,新海,TW0009926006,1998/04/08,上市,油電燃氣業,ESVUFR,
9927,泰銘,TW0009927004,1999/03/12,上市,其他業,ESVUFR,
9928,中視,TW0009928002,1999/08/09,上市,其他業,ESVUFR,
9929,秋雨,TW0009929000,1999/06/28,上市,其他業,ESVUFR,
9930,中聯資,TW0009930008,1999/11/22,上市,其他業,ESVUFR,
9931,欣高,TW0009931006,2000/03/21,上市,油電燃氣業,ESVUFR,
9933,中鼎,TW0009933002,1993/05/28,上市,其他業,ESVUFR,
9934,成霖,TW0009934000,2000/09/11,上市,其他業,ESVUFR,
9935,慶豐富,TW0009935007,2000/09/11,上市,其他業,ESVUFR,
9937,全國,TW0009937003,2000/09/11,上市,油電燃氣業,ESVUFR,
9938,百和,TW0009938001,2001/01/12,上市,其他業,ESVUFR,
9939,宏全,TW0009939009,2001/03/02,上市,其他業,ESVUFR,
9940,信義,TW0009940007,2001/09/17,上市,其他業,ESVUFR,
9941,裕融,TW0009941005,2001/09/17,上市,其他業,ESVUFR,
9942,茂順,TW0009942003,2002/01/28,上市,其他業,ESVUFR,
9943,好樂迪,TW0009943001,2002/08/26,上市,觀光事業,ESVUFR,
9944,新麗,TW0009944009,2002/08/26,上市,其他業,ESVUFR,
9945,潤泰新,TW0009945006,1992/04/30,上市,其他業,ESVUFR,
9946,三發,TW0009946004,2013/09/17,上市,建材營造業,ESVUFR,
9955,佳龍,TW0009955005,2008/01/21,上市,其他業,ESVUFR,
9958,世紀鋼,TW0009958009,2008/03/12,上市,鋼鐵工業,ESVUFR,